{"dir-shot-0":{"s":1,"x":0,"y":-29.86577181208053},"dir-shot-2":{"s":1,"x":9.284007056547228,"y":0},"dir-shot-1":{"s":1,"x":0,"y":32.57527295594757}}